"Group_ID","Category","Question","Reponse Attendue","Context Info"
"1","Technical (Interior)","Montrez la commande de réglage de hauteur des feux.","Dispositif situé en général à gauche du volant.","Éclairage : Vérifiez régulièrement la propreté et le fonctionnement. Un feu grillé = mauvaise perception par les autres."
"1","Road Safety","Pourquoi doit-on régler la hauteur des feux ?","Pour ne pas éblouir les autres usagers.","Visibilité : Ne pas régler ses feux éblouit les autres usagers et peut provoquer un accident frontal."
"1","First Aid","Comment et pourquoi protéger une zone de danger en cas d’accident de la route ?","En délimitant clairement et largement la zone de danger de façon visible pour protéger les victimes et éviter un sur-accident.","PAS : Protéger est la 1ère étape. Balisez la zone (gilet, triangle) pour éviter un sur-accident."
"2","Technical (Exterior)","Montrez où s’effectue le remplissage du produit lave-glace.","Le candidat ouvre le capot et montre le bocal.","Visibilité : En hiver, utilisez un liquide antigel. Sans visibilité, vous êtes un danger pour vous et les autres."
"2","Road Safety","Pourquoi est-il préférable d’utiliser un liquide spécial en hiver ?","Pour éviter le gel du liquide.","Sécurité Routière : Ces questions testent votre capacité à évaluer les risques et à adapter votre comportement."
"2","First Aid","Quels comportements adopter en cas de diffusion du signal d’alerte du SAIP ?","Se mettre en sécurité, s’informer via médias/internet, respecter les consignes.","Alerte : Le SAIP avertit d’un danger grave (sirène montante/descendante). Mettez-vous à l’abri et écoutez la radio."
"3","Technical (Interior)","Mettez le rétroviseur intérieur en position nuit.","Le candidat actionne la manette ou l’indique si automatique.","Rétroviseurs : La position nuit évite l’éblouissement. Le réglage doit être fait avant de prendre la route."
"3","Road Safety","Quel est l’intérêt de la position nuit ?","Ne pas être ébloui par les feux du véhicule suiveur.","Conduite de nuit : L’éblouissement fatigue les yeux. Utilisez la position nuit du rétro et baissez vos feux si besoin."
"3","First Aid","Comment est composé le signal d’alerte du SAIP diffusé par les sirènes ?","3 cycles successifs (SNA) et un signal continu (fin).","Alerte : Le SAIP avertit d’un danger grave (sirène montante/descendante). Mettez-vous à l’abri et écoutez la radio."
"4","Technical (Exterior)","Contrôlez l’état’du flanc’sur l’un’des’pneumatiques.","En’bon’état’(pas’de hernie, pas’de déchirure).","Pneumatiques’: Vérifiez l’état’(flancs, hernies) et’l’usure (témoins). Sous-gonflage = éclatement’et’surconsommation."
"4","Road Safety","Citez un’endroit’où l’on’peut’trouver les’pressions’préconisées’pour les’pneumatiques’?","Portière, trappe carburant’ou notice d’utilisation.","Pneus’: À vérifier une fois’par mois’à froid. Un’pneu sous-gonflé chauffe et’peut’exploser."
"4","First Aid","Sur autoroute, comment’indiquer avec’précision’les’lieux de l’accident’depuis’un’téléphone portable ?","Numéro d’autoroute, sens’de circulation’et’point’kilométrique.","Premiers’Secours’: Agir vite et’bien’peut’sauver une vie. Rappelez-vous’de l’acronyme P.A.S. (Protéger, Alerter, Secourir)."
"5","Technical (Interior)","Faites’fonctionner les’essuie-glaces’avants’du véhicule sur la position’la plus’rapide.","Le candidat’actionne la commande.","Essuie-glaces’: Remplacez-les’dès’qu’ils’laissent’des’traces. Le balayage doit’être silencieux et’efficace."
"5","Road Safety","Comment’détecter leur usure en’circulation’?","En’cas’de pluie, lorsqu’ils’laissent’des’traces’sur le pare-brise.","Sécurité Routière : Ces’questions’testent’votre capacité à évaluer les’risques’et’à adapter votre comportement."
"5","First Aid","Comment’vérifier la respiration’d’une victime ?","Regarder si le ventre/poitrine se soulèvent’et’sentir l’air à l’expiration.","Premiers’Secours’: Agir vite et’bien’peut’sauver une vie. Rappelez-vous’de l’acronyme P.A.S. (Protéger, Alerter, Secourir)."
"6","Technical (Exterior)","Vérifiez l’état’et’la propreté des’plaques’d’immatriculation.","Vérification’à l’avant’et’à l’arrière, propres’et’en’bon’état.","Entretien’technique : Savoir vérifier son’véhicule est’indispensable pour garantir sa sécurité et’celle des’autres."
"6","Road Safety","Quelles’sont’les’précautions’à prendre en’cas’d’installation’d’un’porte vélo ?","La plaque d’immatriculation’et’les’feux doivent’être visibles.","Sécurité Routière : Ces’questions’testent’votre capacité à évaluer les’risques’et’à adapter votre comportement."
"6","First Aid","Qu’est-ce qu’une perte de connaissance ?","Lorsque la victime ne répond’pas’et’ne réagit’pas’mais’respire.","Premiers’Secours’: Agir vite et’bien’peut’sauver une vie. Rappelez-vous’de l’acronyme P.A.S. (Protéger, Alerter, Secourir)."
"7","Technical (Interior)","Vérifiez la présence du gilet’de haute visibilité.","Indiquer où il’se trouve sans’obligation’de le sortir.","Entretien’technique : Savoir vérifier son’véhicule est’indispensable pour garantir sa sécurité et’celle des’autres."
"7","Road Safety","En’cas’de panne ou d’accident, quel’autre accessoire de sécurité est’obligatoire ?","Le triangle de pré-signalisation.","Sécurité Routière : Ces’questions’testent’votre capacité à évaluer les’risques’et’à adapter votre comportement."
"7","First Aid","Si un’dégagement’d’urgence de la victime est’nécessaire, où doit-elle être déplacée ?","Dans’un’endroit’suffisamment’éloigné du danger et’de ses’conséquences.","Dégagement’: Uniquement’si danger réel, immédiat’et’non’contrôlable (incendie, explosion). Sinon, ne touchez pas’la victime."
"8","Technical (Exterior)","Montrez où s’effectue le contrôle du niveau du liquide de frein.","Le candidat’montre que le niveau est’entre le mini et’le maxi.","Freins’: Un’niveau bas’peut’indiquer une fuite ou une usure importante des’plaquettes. Danger de perte de freinage."
"8","Road Safety","Quelle est’la conséquence d’un’niveau insuffisant’du liquide de frein’?","Une perte d’efficacité du freinage.","Freinage : Un’frein’à main’mal’desserré fait’chauffer le système et’réduit’l’efficacité du freinage de secours."
"8","First Aid","En’cas’de panne ou d’accident, quel’équipement’de sécurité doit’être porté avant’de quitter le véhicule ?","Le gilet’de haute visibilité (gilet’jaune).","Premiers’Secours’: Agir vite et’bien’peut’sauver une vie. Rappelez-vous’de l’acronyme P.A.S. (Protéger, Alerter, Secourir)."
"9","Technical (Interior)","Vérifiez la présence du certificat’d’immatriculation’du véhicule (ou carte grise).","La photocopie est’acceptée.","Entretien’technique : Savoir vérifier son’véhicule est’indispensable pour garantir sa sécurité et’celle des’autres."
"9","Road Safety","Quels’sont’les’deux autres’documents’obligatoires’à présenter en’cas’de contrôle ?","L’attestation’d’assurance et’le permis’de conduire.","Sécurité Routière : Ces’questions’testent’votre capacité à évaluer les’risques’et’à adapter votre comportement."
"9","First Aid","Pourquoi l’alerte auprès’des’services’de secours’doit-elle être rapide et’précise ?","Pour permettre d’apporter les’moyens’adaptés’aux victimes’dans’le délai le plus’court.","Alerte : Le SAIP avertit’d’un’danger grave (sirène montante/descendante). Mettez-vous’à l’abri et’écoutez la radio."
"10","Technical (Exterior)","Contrôlez l’état’de tous’les’balais’d’essuie-glace du véhicule.","Vérifier qu’ils’ne sont’pas’déchirés’ou déformés.","Essuie-glaces’: Remplacez-les’dès’qu’ils’laissent’des’traces. Le balayage doit’être silencieux et’efficace."
"10","Road Safety","Quel’est’le risque de circuler avec’des’balais’d’essuie-glace défectueux ?","Une mauvaise visibilité en’cas’d’intempéries.","Sécurité Routière : Ces’questions’testent’votre capacité à évaluer les’risques’et’à adapter votre comportement."
"10","First Aid","Quels’sont’les’numéros’d’urgence à composer ?","Le 18 (Pompiers), le 15 (SAMU), le 112 (Numéro d’urgence européen).","Urgences’: 15 (SAMU), 18 (Pompiers), 112 (Europe). Soyez précis’sur le lieu et’l’état’des’victimes."
"11","Technical (Interior)","Montrez l’indicateur de niveau de carburant.","Le candidat’montre l’indicateur.","Entretien’technique : Savoir vérifier son’véhicule est’indispensable pour garantir sa sécurité et’celle des’autres."
"11","Road Safety","Quelles’sont’les’précautions’à prendre lors’du remplissage du réservoir ?","Arrêter le moteur, ne pas’fumer, ne pas’téléphoner.","Sécurité Routière : Ces’questions’testent’votre capacité à évaluer les’risques’et’à adapter votre comportement."
"11","First Aid","Quels’comportements’adopter en’présence d’une victime qui ne répond’pas’et’ne réagit’pas, mais’respire ?","Placer en’position’latérale de sécurité (PLS), alerter les’secours, surveiller la respiration.","Premiers’Secours’: Agir vite et’bien’peut’sauver une vie. Rappelez-vous’de l’acronyme P.A.S. (Protéger, Alerter, Secourir)."
"12","Technical (Exterior)","Montrez où s’effectue le remplissage du liquide de refroidissement.","Le candidat’ouvre le capot’et’montre le bocal.","Refroidissement’: Ne JAMAIS ouvrir le bouchon’moteur chaud’(risque de projections’brûlantes’sous’pression)."
"12","Road Safety","Quel’est’le danger si l’on’complète le niveau du liquide lorsque le moteur est’chaud’?","Un’risque de brûlure.","Sécurité Routière : Ces’questions’testent’votre capacité à évaluer les’risques’et’à adapter votre comportement."
"12","First Aid","Comment’arrêter une hémorragie ?","Appuyer fortement’sur l’endroit’qui saigne avec’les’doigts’ou la paume de la main’avec’un’tissu propre.","Hémorragie : Appuyez fort’sur la plaie avec’un’tissu propre. Le but’est’d’arrêter la fuite de sang."
"13","Technical (Interior)","Actionnez le dégivrage de la lunette arrière et’montrez le voyant’ou le repère correspondant.","Le candidat’actionne la commande.","Tableau de bord’: Rouge = Danger/Arrêt. Orange = Anomalie/Attention. Vert/Bleu = Fonctionnement."
"13","Road Safety","Quelle peut’être la conséquence d’une panne de dégivrage de la lunette arrière ?","Une insuffisance ou une absence de visibilité vers’l’arrière.","Sécurité Routière : Ces’questions’testent’votre capacité à évaluer les’risques’et’à adapter votre comportement."
"13","First Aid","Hors’autoroute ou endroit’dangereux, en’cas’de panne ou d’accident, où doit’être placé le triangle de pré-signalisation’?","À environ’30 m’de la panne ou de l’accident, ou avant’un’virage ou un’sommet’de côte.","PAS : Protéger est’la 1ère étape. Balisez la zone (gilet, triangle) pour éviter un’sur-accident."
"14","Technical (Exterior)","Contrôlez l’état, la propreté et’le fonctionnement’de tous’les’clignotants’côté trottoir.","Vérification’des’clignotants’propres, en’bon’état’et’fonctionnels.","Communication’: Le clignotement’rapide indique une ampoule grillée sur le circuit."
"14","Road Safety","Quelle est’la signification’d’un’clignotement’plus’rapide ?","Non-fonctionnement’de l’une des’ampoules.","Sécurité Routière : Ces’questions’testent’votre capacité à évaluer les’risques’et’à adapter votre comportement."
"14","First Aid","Quelles’sont’les’conditions’pour réaliser le dégagement’d’urgence d’une victime en’présence d’un’danger réel, immédiat’et’non’contrôlable ?","La victime doit’être visible, facile à atteindre et’rien’ne doit’gêner son’dégagement.","PAS : Protéger est’la 1ère étape. Balisez la zone (gilet, triangle) pour éviter un’sur-accident."
"15","Technical (Interior)","Montrez le voyant’d’alerte signalant’une pression’insuffisante d’huile dans’le moteur.","Le candidat’montre le voyant’(burette rouge).","Niveau d’huile : Toujours’moteur froid’et’sur plat. Trop d’huile peut’casser le moteur, pas’assez provoque un’serrage."
"15","Road Safety","Quelles’sont’les’conditions’à respecter pour contrôler le niveau d’huile ?","Moteur froid’et’sur un’terrain’plat.","Sécurité Routière : Ces’questions’testent’votre capacité à évaluer les’risques’et’à adapter votre comportement."
"15","First Aid","Quelles’sont’les’trois’informations’à transmettre aux services’de secours’?","Le numéro de téléphone, la nature et’la localisation’précise du problème.","Urgences’: 15 (SAMU), 18 (Pompiers), 112 (Europe). Soyez précis’sur le lieu et’l’état’des’victimes."
"16","Technical (Exterior)","Contrôlez l’état, la propreté et’le fonctionnement’du ou des’feux de brouillard’arrière.","Vérification’des’feux propres, en’bon’état’et’fonctionnels.","Éclairage : Vérifiez régulièrement’la propreté et’le fonctionnement. Un’feu grillé = mauvaise perception’par les’autres."
"16","Road Safety","Dans’quels’cas’les’utilise-t-on’?","Par temps’de brouillard’et’de neige.","Sécurité Routière : Ces’questions’testent’votre capacité à évaluer les’risques’et’à adapter votre comportement."
"16","First Aid","Par quels’moyens’doit’être réalisée l’alerte des’secours’?","Téléphone portable, fixe ou borne d’appel’d’urgence.","Alerte : Le SAIP avertit’d’un’danger grave (sirène montante/descendante). Mettez-vous’à l’abri et’écoutez la radio."
"17","Technical (Interior)","Vérifiez la présence de l’éthylotest.","Le candidat’montre l’éthylotest.","Entretien’technique : Savoir vérifier son’véhicule est’indispensable pour garantir sa sécurité et’celle des’autres."
"17","Road Safety","À partir de quel’taux d’alcoolémie, en’période de permis’probatoire, est-on’en’infraction’?","0,2 g/l’(soit’0 verre).","Alcool’: En’permis’probatoire, c’est’0,2 g/L (zéro verre). L’alcool’rétrécit’le champ visuel’et’augmente le temps’de réaction."
"17","First Aid","Quel’comportement’doit-on’adopter en’présence d’une victime en’arrêt’cardiaque ?","Alerter les’secours, masser (RCR) et’défibriller si possible.","Arrêt’Cardiaque : Chaque minute compte. Massez le thorax et’utilisez un’DAE si disponible."
"18","Technical (Exterior)","Contrôlez l’état, la propreté et’le fonctionnement’des’feux de détresse à l’avant’et’à l’arrière.","Vérification’des’feux propres, en’bon’état’et’fonctionnels.","Éclairage : Vérifiez régulièrement’la propreté et’le fonctionnement. Un’feu grillé = mauvaise perception’par les’autres."
"18","Road Safety","Dans’quels’cas’doit-on’les’utiliser ?","En’cas’de panne, d’accident’ou de ralentissement’important.","Sécurité Routière : Ces’questions’testent’votre capacité à évaluer les’risques’et’à adapter votre comportement."
"18","First Aid","Dans’quel’cas’peut-on’positionner une victime en’Position’Latérale de Sécurité (PLS) ?","Si la victime ne répond’pas, ne réagit’pas’et’respire.","Premiers’Secours’: Agir vite et’bien’peut’sauver une vie. Rappelez-vous’de l’acronyme P.A.S. (Protéger, Alerter, Secourir)."
"19","Technical (Interior)","Montrez la commande de réglage du volant.","Le candidat’montre l’emplacement.","Entretien’technique : Savoir vérifier son’véhicule est’indispensable pour garantir sa sécurité et’celle des’autres."
"19","Road Safety","Pourquoi est-il’important’de bien’régler son’volant’?","Confort, accessibilité aux commandes, visibilité du tableau de bord, efficacité des’airbags.","Sécurité Routière : Ces’questions’testent’votre capacité à évaluer les’risques’et’à adapter votre comportement."
"19","First Aid","Dans’quelle situation’peut-on’déplacer une victime ?","En’présence d’un’danger réel, immédiat, non’contrôlable (le déplacement’doit’rester exceptionnel).","Premiers’Secours’: Agir vite et’bien’peut’sauver une vie. Rappelez-vous’de l’acronyme P.A.S. (Protéger, Alerter, Secourir)."
"20","Technical (Exterior)","Contrôlez l’état, la propreté et’le fonctionnement’des’feux de route.","Vérification’des’feux propres, en’bon’état’et’fonctionnels.","Éclairage : Vérifiez régulièrement’la propreté et’le fonctionnement. Un’feu grillé = mauvaise perception’par les’autres."
"20","Road Safety","Citez un’cas’d’utilisation’de l’appel’lumineux.","Pour avertir de son’approche, en’cas’de danger, à la place de l’avertisseur sonore.","Sécurité Routière : Ces’questions’testent’votre capacité à évaluer les’risques’et’à adapter votre comportement."
"20","First Aid","En’cas’de panne ou d’accident, quel’équipement’de sécurité doit’être porté avant’de quitter le véhicule ?","Le gilet’de haute visibilité (gilet’jaune).","Premiers’Secours’: Agir vite et’bien’peut’sauver une vie. Rappelez-vous’de l’acronyme P.A.S. (Protéger, Alerter, Secourir)."
"21","Technical (Interior)","Positionnez la commande pour diriger l’air vers’le pare-brise.","Le candidat’actionne la commande.","Entretien’technique : Savoir vérifier son’véhicule est’indispensable pour garantir sa sécurité et’celle des’autres."
"21","Road Safety","Citez deux éléments’complémentaires’permettant’un’désembuage efficace.","Vitesse de ventilation, air chaud, climatisation.","Sécurité Routière : Ces’questions’testent’votre capacité à évaluer les’risques’et’à adapter votre comportement."
"21","First Aid","Quel’est’l’objectif du Signal’d’Alerte et’d’Information’des’Populations’(SAIP) ?","Avertir d’un’danger imminent’ou d’un’événement’grave.","Alerte : Le SAIP avertit’d’un’danger grave (sirène montante/descendante). Mettez-vous’à l’abri et’écoutez la radio."
"22","Technical (Exterior)","Montrez où doit’s’effectuer le contrôle du niveau d’huile moteur.","Le candidat’montre la jauge.","Niveau d’huile : Toujours’moteur froid’et’sur plat. Trop d’huile peut’casser le moteur, pas’assez provoque un’serrage."
"22","Road Safety","Quel’est’le principal’risque d’un’manque d’huile moteur ?","Risque de détérioration’ou de casse du moteur.","Sécurité Routière : Ces’questions’testent’votre capacité à évaluer les’risques’et’à adapter votre comportement."
"22","First Aid","Comment’est’diffusée l’alerte émise par le SAIP ?","Sirènes, médias’(Radio France, France TV), application’SAIP.","Alerte : Le SAIP avertit’d’un’danger grave (sirène montante/descendante). Mettez-vous’à l’abri et’écoutez la radio."
"23","Technical (Interior)","Montrez le voyant’d’alerte signalant’un’défaut’de batterie.","Le candidat’montre le voyant’(pile rouge).","Batterie : Les’cosses’doivent’être propres’et’serrées. Un’voyant’rouge allumé en’roulant’indique qu’elle ne charge plus."
"23","Road Safety","Qu’est-ce qui peut’provoquer la décharge de la batterie moteur éteint’?","Feux ou accessoires’électriques’en’fonctionnement.","Sécurité Routière : Ces’questions’testent’votre capacité à évaluer les’risques’et’à adapter votre comportement."
"23","First Aid","À partir de quel’âge peut-on’suivre une formation’aux premiers’secours’?","À partir de 10 ans.","Urgences’: 15 (SAMU), 18 (Pompiers), 112 (Europe). Soyez précis’sur le lieu et’l’état’des’victimes."
"24","Technical (Exterior)","Montrez l’emplacement’de la batterie du véhicule.","Le candidat’montre l’emplacement.","Batterie : Les’cosses’doivent’être propres’et’serrées. Un’voyant’rouge allumé en’roulant’indique qu’elle ne charge plus."
"24","Road Safety","Quelle est’la solution’en’cas’de panne de batterie pour démarrer ?","Brancher une 2e batterie en’parallèle ou la remplacer.","Sécurité Routière : Ces’questions’testent’votre capacité à évaluer les’risques’et’à adapter votre comportement."
"24","First Aid","Pourquoi faut-il’pratiquer immédiatement’une RCR sur une victime en’arrêt’cardiaque ?","Car les’lésions’du cerveau surviennent’dès’les’premières’minutes.","Arrêt’Cardiaque : Chaque minute compte. Massez le thorax et’utilisez un’DAE si disponible."
"25","Technical (Interior)","Montrez le voyant’indiquant’une défaillance du système de freinage.","Le candidat’montre le voyant’(cercle rouge avec’point’d’exclamation).","Tableau de bord’: Rouge = Danger/Arrêt. Orange = Anomalie/Attention. Vert/Bleu = Fonctionnement."
"25","Road Safety","Quel’est’le risque de circuler avec’un’frein’de parking mal’desserré ?","Une dégradation’du système de freinage.","Freinage : Un’frein’à main’mal’desserré fait’chauffer le système et’réduit’l’efficacité du freinage de secours."
"25","First Aid","Hors’autoroute, où doit’être placé le triangle de pré-signalisation’?","À environ’30 m’de la panne ou avant’un’virage ou sommet’de côte.","Premiers’Secours’: Agir vite et’bien’peut’sauver une vie. Rappelez-vous’de l’acronyme P.A.S. (Protéger, Alerter, Secourir)."
"26","Technical (Exterior)","Contrôlez l’état, la propreté et’le fonctionnement’des’feux de croisement.","Vérification’des’feux propres, en’bon’état’et’fonctionnels.","Éclairage : Vérifiez régulièrement’la propreté et’le fonctionnement. Un’feu grillé = mauvaise perception’par les’autres."
"26","Road Safety","Quelles’sont’les’conséquences’d’un’mauvais’réglage de ces’feux ?","Mauvaise vision’vers’l’avant’et’risque d’éblouissement’des’autres.","Visibilité : Ne pas’régler ses’feux éblouit’les’autres’usagers’et’peut’provoquer un’accident’frontal."
"26","First Aid","Dans’quelle situation’peut-on’déplacer une victime ?","En’présence d’un’danger réel, immédiat, non’contrôlable.","Premiers’Secours’: Agir vite et’bien’peut’sauver une vie. Rappelez-vous’de l’acronyme P.A.S. (Protéger, Alerter, Secourir)."
"27","Technical (Interior)","Montrez le voyant’d’alerte signalant’une température trop élevée du liquide de refroidissement.","Le candidat’montre le voyant’(thermomètre rouge).","Refroidissement’: Ne JAMAIS ouvrir le bouchon’moteur chaud’(risque de projections’brûlantes’sous’pression)."
"27","Road Safety","Quelle est’la conséquence d’une température trop élevée de ce liquide ?","Une surchauffe ou une casse moteur.","Sécurité Routière : Ces’questions’testent’votre capacité à évaluer les’risques’et’à adapter votre comportement."
"27","First Aid","Lors’d’un’appel’de secours, pourquoi attendre que le correspondant’vous’autorise à raccrocher ?","Il’peut’conseiller ou guider dans’les’gestes’à faire ou ne pas’faire.","Urgences’: 15 (SAMU), 18 (Pompiers), 112 (Europe). Soyez précis’sur le lieu et’l’état’des’victimes."
"28","Technical (Exterior)","Vérifiez l’état’et’la propreté des’dispositifs’réfléchissants.","Vérification’des’catadioptres’propres’et’en’bon’état.","Entretien’technique : Savoir vérifier son’véhicule est’indispensable pour garantir sa sécurité et’celle des’autres."
"28","Road Safety","Quelle est’l’utilité des’dispositifs’réfléchissants’?","Rendre visible le véhicule la nuit.","Sécurité Routière : Ces’questions’testent’votre capacité à évaluer les’risques’et’à adapter votre comportement."
"28","First Aid","À quel’moment’pouvez-vous’mettre fin’à un’appel’avec’les’secours’?","Uniquement’lorsque le correspondant’vous’invite à le faire.","Urgences’: 15 (SAMU), 18 (Pompiers), 112 (Europe). Soyez précis’sur le lieu et’l’état’des’victimes."
"29","Technical (Interior)","Montrez le voyant’signalant’la mauvaise fermeture d’une portière.","Le candidat’montre le voyant’(voiture ouverte).","Tableau de bord’: Rouge = Danger/Arrêt. Orange = Anomalie/Attention. Vert/Bleu = Fonctionnement."
"29","Road Safety","Quelle précaution’prendre pour que les’enfants’ne puissent’pas’ouvrir leur portière ?","Actionner la sécurité enfant’sur les’portières’arrière.","Enfants’: Jusqu’à 10 ans, l’installation’à l’arrière est’obligatoire (sauf exceptions). La sécurité enfant’bloque l’ouverture intérieure."
"29","First Aid","Citez les’trois’manières’d’évaluer l’état’de conscience d’une victime.","Questions’simples, secouer les’épaules, demander un’geste simple (serrer la main).","Inconscience : Si la victime respire, mettez-la en’PLS (Position’Latérale de Sécurité) pour libérer les’voies’respiratoires."
"30","Technical (Exterior)","Contrôlez l’état, la propreté et’le fonctionnement’des’feux de position.","Vérification’des’feux propres, en’bon’état’et’fonctionnels.","Éclairage : Vérifiez régulièrement’la propreté et’le fonctionnement. Un’feu grillé = mauvaise perception’par les’autres."
"30","Road Safety","À quelle distance doivent-ils’être visibles’?","À 150 mètres.","Sécurité Routière : Ces’questions’testent’votre capacité à évaluer les’risques’et’à adapter votre comportement."
"30","First Aid","Quels’sont’les’risques’pour une personne en’perte de connaissance allongée sur le dos’?","Arrêt’respiratoire et’arrêt’cardiaque.","Premiers’Secours’: Agir vite et’bien’peut’sauver une vie. Rappelez-vous’de l’acronyme P.A.S. (Protéger, Alerter, Secourir)."
"31","Technical (Interior)","Actionnez les’feux de détresse.","Le candidat’actionne la commande.","Éclairage : Vérifiez régulièrement’la propreté et’le fonctionnement. Un’feu grillé = mauvaise perception’par les’autres."
"31","Road Safety","Quand’les’utilise-t-on’?","Panne, accident, ralentissement’important.","Sécurité Routière : Ces’questions’testent’votre capacité à évaluer les’risques’et’à adapter votre comportement."
"31","First Aid","Quels’comportements’adopter en’cas’de diffusion’du signal’SAIP ?","Se mettre en’sécurité, s’informer via médias, respecter les’consignes.","Alerte : Le SAIP avertit’d’un’danger grave (sirène montante/descendante). Mettez-vous’à l’abri et’écoutez la radio."
"32","Technical (Exterior)","Sur le flanc’d’un’pneumatique, désignez le repère du témoin’d’usure.","Le candidat’montre le repère (TWI ou triangle).","Pneumatiques’: Vérifiez l’état’(flancs, hernies) et’l’usure (témoins). Sous-gonflage = éclatement’et’surconsommation."
"32","Road Safety","Qu’est-ce que l’aquaplanage et’sa conséquence ?","Film’d’eau entre pneu et’chaussée entraînant’perte de contrôle.","Aquaplanage : Perte d’adhérence sur une nappe d’eau. Gardez les’roues’droites’et’ne freinez pas’brusquement."
"32","First Aid","Si un’dégagement’d’urgence est’nécessaire, où doit’être déplacée la victime ?","Dans’un’endroit’suffisamment’éloigné du danger.","Dégagement’: Uniquement’si danger réel, immédiat’et’non’contrôlable (incendie, explosion). Sinon, ne touchez pas’la victime."
"33","Technical (Interior)","Montrez la commande permettant’d’actionner le régulateur de vitesse.","Le candidat’montre la commande.","Entretien’technique : Savoir vérifier son’véhicule est’indispensable pour garantir sa sécurité et’celle des’autres."
"33","Road Safety","Sans’actionner la commande, comment’le désactiver rapidement’?","En’appuyant’sur la pédale de frein’ou d’embrayage.","Sécurité Routière : Ces’questions’testent’votre capacité à évaluer les’risques’et’à adapter votre comportement."
"33","First Aid","Sur autoroute, comment’indiquer avec’précision’les’lieux de l’accident’?","Numéro d’autoroute, sens’de circulation’et’point’kilométrique.","Premiers’Secours’: Agir vite et’bien’peut’sauver une vie. Rappelez-vous’de l’acronyme P.A.S. (Protéger, Alerter, Secourir)."
"34","Technical (Exterior)","Ouvrez la trappe à carburant’et/ou vérifiez la bonne fermeture du bouchon.","Le candidat’actionne la trappe/vérifie le bouchon.","Entretien’technique : Savoir vérifier son’véhicule est’indispensable pour garantir sa sécurité et’celle des’autres."
"34","Road Safety","Quelles’sont’les’précautions’à prendre lors’du remplissage ?","Arrêter le moteur, ne pas’fumer, ne pas’téléphoner.","Sécurité Routière : Ces’questions’testent’votre capacité à évaluer les’risques’et’à adapter votre comportement."
"34","First Aid","Pourquoi l’alerte doit-elle être rapide et’précise ?","Pour apporter les’moyens’adaptés’dans’le délai le plus’court.","Alerte : Le SAIP avertit’d’un’danger grave (sirène montante/descendante). Mettez-vous’à l’abri et’écoutez la radio."
"35","Technical (Interior)","Sans’l’actionner, montrez la commande de l’avertisseur sonore.","Le candidat’montre la commande.","Entretien’technique : Savoir vérifier son’véhicule est’indispensable pour garantir sa sécurité et’celle des’autres."
"35","Road Safety","Dans’quel’cas’peut-on’l’utiliser en’agglomération’?","En’cas’de danger immédiat.","Sécurité Routière : Ces’questions’testent’votre capacité à évaluer les’risques’et’à adapter votre comportement."
"35","First Aid","Pourquoi ne pas’laisser une personne en’perte de connaissance sur le dos’?","Risque d’étouffement’par liquides’ou chute de la langue.","Premiers’Secours’: Agir vite et’bien’peut’sauver une vie. Rappelez-vous’de l’acronyme P.A.S. (Protéger, Alerter, Secourir)."
"36","Technical (Exterior)","Montrez où s’effectue le remplissage de l’huile moteur.","Le candidat’montre le bouchon’de remplissage.","Niveau d’huile : Toujours’moteur froid’et’sur plat. Trop d’huile peut’casser le moteur, pas’assez provoque un’serrage."
"36","Road Safety","Quel’est’le risque d’un’manque d’huile moteur ?","Risque de détérioration’ou de casse du moteur.","Sécurité Routière : Ces’questions’testent’votre capacité à évaluer les’risques’et’à adapter votre comportement."
"36","First Aid","L’utilisation’d’un’DAE sur une victime qui n’est’pas’en’arrêt’cardiaque présente-t-elle un’risque ?","Non, car il’se déclenche uniquement’en’cas’d’arrêt’cardiaque.","Arrêt’Cardiaque : Chaque minute compte. Massez le thorax et’utilisez un’DAE si disponible."
"37","Technical (Interior)","Montrez la commande de désactivation’de l’airbag passager.","Le candidat’montre la commande.","Airbag : Toujours’désactiver l’airbag passager si vous’installez un’siège bébé DOS à la route à l’avant."
"37","Road Safety","Dans’quelle situation’doit-on’le désactiver ?","Transport’d’un’enfant’à l’avant’dans’un’siège auto dos’à la route.","Sécurité Routière : Ces’questions’testent’votre capacité à évaluer les’risques’et’à adapter votre comportement."
"37","First Aid","Quelles’sont’les’conditions’pour réaliser le dégagement’d’urgence ?","Victime visible, facile à atteindre, rien’ne doit’gêner.","Dégagement’: Uniquement’si danger réel, immédiat’et’non’contrôlable (incendie, explosion). Sinon, ne touchez pas’la victime."
"38","Technical (Exterior)","Donnez la pression’préconisée pour les’pneus’arrières, véhicule chargé.","Le candidat’lit’la plaque indicative.","Pneumatiques’: Vérifiez l’état’(flancs, hernies) et’l’usure (témoins). Sous-gonflage = éclatement’et’surconsommation."
"38","Road Safety","À quelle fréquence vérifier la pression’des’pneus’?","Chaque mois’et’avant’chaque long trajet.","Pneus’: À vérifier une fois’par mois’à froid. Un’pneu sous-gonflé chauffe et’peut’exploser."
"38","First Aid","Comment’et’pourquoi protéger une zone de danger ?","En’la délimitant’clairement’pour protéger les’victimes’et’éviter un’sur-accident.","PAS : Protéger est’la 1ère étape. Balisez la zone (gilet, triangle) pour éviter un’sur-accident."
"39","Technical (Interior)","Montrez le voyant’signalant’l’absence de bouclage de la ceinture conducteur.","Le candidat’montre le voyant’(personnage rouge).","Sécurité passive : La ceinture doit’être plaquée et’non’vrillée. Elle évite l’éjection’en’cas’de choc."
"39","Road Safety","À partir de quel’âge un’enfant’peut-il’être installé à l’avant’?","10 ans’(sauf exceptions).","Enfants’: Jusqu’à 10 ans, l’installation’à l’arrière est’obligatoire (sauf exceptions). La sécurité enfant’bloque l’ouverture intérieure."
"39","First Aid","Comment’est’composé le signal’d’alerte SAIP ?","3 cycles’successifs’(SNA) et’un’signal’continu (fin).","Alerte : Le SAIP avertit’d’un’danger grave (sirène montante/descendante). Mettez-vous’à l’abri et’écoutez la radio."
"40","Technical (Exterior)","Vérifiez le fonctionnement’de l’éclairage de la plaque d’immatriculation’arrière.","Le candidat’vérifie si elle est’allumée.","Entretien’technique : Savoir vérifier son’véhicule est’indispensable pour garantir sa sécurité et’celle des’autres."
"40","Road Safety","Un’défaut’d’éclairage entraîne-t-il’une contre-visite ?","Oui.","Sécurité Routière : Ces’questions’testent’votre capacité à évaluer les’risques’et’à adapter votre comportement."
"40","First Aid","Quelles’sont’les’trois’informations’à transmettre aux secours’?","Numéro de téléphone, nature et’localisation’précise.","Urgences’: 15 (SAMU), 18 (Pompiers), 112 (Europe). Soyez précis’sur le lieu et’l’état’des’victimes."
"41","Technical (Interior)","Vérifiez la présence de l’attestation’d’assurance et’de sa vignette.","Le candidat’montre la carte verte et’la vignette.","Entretien’technique : Savoir vérifier son’véhicule est’indispensable pour garantir sa sécurité et’celle des’autres."
"41","Road Safety","Quels’sont’les’deux autres’documents’obligatoires’?","Certificat’d’immatriculation’(carte grise) et’permis’de conduire.","Sécurité Routière : Ces’questions’testent’votre capacité à évaluer les’risques’et’à adapter votre comportement."
"41","First Aid","Qu’est-ce qu’une hémorragie ?","Perte de sang prolongée qui ne s’arrête pas.","Hémorragie : Appuyez fort’sur la plaie avec’un’tissu propre. Le but’est’d’arrêter la fuite de sang."
"42","Technical (Exterior)","Indiquez où se situe la sécurité enfant’sur l’une des’portières’arrière.","Le candidat’montre l’emplacement.","Entretien’technique : Savoir vérifier son’véhicule est’indispensable pour garantir sa sécurité et’celle des’autres."
"42","Road Safety","Si enclenchée, est-il’possible d’ouvrir la portière depuis’l’extérieur ?","Oui.","Sécurité Routière : Ces’questions’testent’votre capacité à évaluer les’risques’et’à adapter votre comportement."
"42","First Aid","Quels’sont’les’risques’pour une personne victime d’une hémorragie ?","Détresse circulatoire ou arrêt’cardiaque.","Hémorragie : Appuyez fort’sur la plaie avec’un’tissu propre. Le but’est’d’arrêter la fuite de sang."
"43","Technical (Interior)","Allumez le(s) feu(x) de brouillard’arrière et’montrez le voyant.","Le candidat’montre le voyant’(orange).","Tableau de bord’: Rouge = Danger/Arrêt. Orange = Anomalie/Attention. Vert/Bleu = Fonctionnement."
"43","Road Safety","Pouvez-vous’les’utiliser par forte pluie ?","Non.","Sécurité Routière : Ces’questions’testent’votre capacité à évaluer les’risques’et’à adapter votre comportement."
"43","First Aid","Quels’sont’les’signes’d’un’arrêt’cardiaque ?","Ne répond’pas, ne réagit’pas, ne respire pas’ou respiration’anormale.","Arrêt’Cardiaque : Chaque minute compte. Massez le thorax et’utilisez un’DAE si disponible."
"44","Technical (Exterior)","Avec’l’assistance, contrôlez l’état’et’le fonctionnement’des’feux de recul.","Le candidat’vérifie si propre et’fonctionnel.","Éclairage : Vérifiez régulièrement’la propreté et’le fonctionnement. Un’feu grillé = mauvaise perception’par les’autres."
"44","Road Safety","Quelles’sont’leurs’deux utilités’?","Éclairer la zone la nuit’et’avertir les’autres’de la manœuvre.","Sécurité Routière : Ces’questions’testent’votre capacité à évaluer les’risques’et’à adapter votre comportement."
"44","First Aid","Qu’est-ce qu’un’défibrillateur automatisé externe (DAE) ?","Appareil’qui rétablit’une activité cardiaque normale.","Arrêt’Cardiaque : Chaque minute compte. Massez le thorax et’utilisez un’DAE si disponible."
"45","Technical (Interior)","Montrez comment’régler la hauteur de l’appui-tête conducteur.","Le candidat’montre le réglage.","Appui-tête : Réglé au sommet’de la tête, il’évite le coup du lapin’lors’d’un’choc’arrière."
"45","Road Safety","Quelle est’son’utilité ?","Retenir le mouvement’de la tête en’cas’de choc.","Sécurité Routière : Ces’questions’testent’votre capacité à évaluer les’risques’et’à adapter votre comportement."
"45","First Aid","Par quels’moyens’doit’être réalisée l’alerte des’secours’?","Téléphone portable, fixe ou borne d’appel’d’urgence.","Alerte : Le SAIP avertit’d’un’danger grave (sirène montante/descendante). Mettez-vous’à l’abri et’écoutez la radio."
"46","Technical (Exterior)","Avec’l’assistance, contrôlez l’état’et’le fonctionnement’des’feux de stop.","Le candidat’vérifie si propre et’fonctionnel.","Éclairage : Vérifiez régulièrement’la propreté et’le fonctionnement. Un’feu grillé = mauvaise perception’par les’autres."
"46","Road Safety","Quelle est’la conséquence en’cas’de panne des’feux de stop ?","Manque d’information’pour les’suivants, risque de collision.","Visibilité : Ne pas’régler ses’feux éblouit’les’autres’usagers’et’peut’provoquer un’accident’frontal."
"46","First Aid","Lors’d’un’appel, pourquoi attendre l’autorisation’pour raccrocher ?","Il’peut’conseiller ou guider dans’les’gestes.","Premiers’Secours’: Agir vite et’bien’peut’sauver une vie. Rappelez-vous’de l’acronyme P.A.S. (Protéger, Alerter, Secourir)."
"47","Technical (Interior)","De quelle couleur est’le voyant’du feu de brouillard’arrière ?","Orange.","Tableau de bord’: Rouge = Danger/Arrêt. Orange = Anomalie/Attention. Vert/Bleu = Fonctionnement."
"47","Road Safety","Quelle est’la différence entre un’voyant’orange et’rouge ?","Rouge : anomalie ou danger. Orange : élément’important.","Sécurité Routière : Ces’questions’testent’votre capacité à évaluer les’risques’et’à adapter votre comportement."
"47","First Aid","Qu’est-ce qu’un’arrêt’cardiaque ?","Le cœur ne fonctionne plus’ou de façon’anarchique.","Arrêt’Cardiaque : Chaque minute compte. Massez le thorax et’utilisez un’DAE si disponible."
"48","Technical (Exterior)","Ouvrez et’refermez le capot, puis’vérifiez sa bonne fermeture.","Le candidat’effectue la manœuvre.","Entretien’technique : Savoir vérifier son’véhicule est’indispensable pour garantir sa sécurité et’celle des’autres."
"48","Road Safety","Quel’est’le risque d’une mauvaise fermeture du capot’?","Ouverture pouvant’entraîner un’accident.","Sécurité Routière : Ces’questions’testent’votre capacité à évaluer les’risques’et’à adapter votre comportement."
"48","First Aid","Quel’est’le risque d’un’arrêt’cardiaque sans’intervention’?","Mort’de la victime en’quelques’minutes.","Arrêt’Cardiaque : Chaque minute compte. Massez le thorax et’utilisez un’DAE si disponible."
"49","Technical (Interior)","Montrez la commande de recyclage de l’air.","Le candidat’montre la commande.","Entretien’technique : Savoir vérifier son’véhicule est’indispensable pour garantir sa sécurité et’celle des’autres."
"49","Road Safety","Quel’est’le risque de maintenir le recyclage de manière prolongée ?","Risque de mauvaise visibilité (buée).","Sécurité Routière : Ces’questions’testent’votre capacité à évaluer les’risques’et’à adapter votre comportement."
"49","First Aid","Quels’sont’les’risques’pour une personne en’perte de connaissance sur le dos’?","Arrêt’respiratoire et’arrêt’cardiaque.","Premiers’Secours’: Agir vite et’bien’peut’sauver une vie. Rappelez-vous’de l’acronyme P.A.S. (Protéger, Alerter, Secourir)."
"50","Technical (Exterior)","Montrez l’orifice de remplissage du produit’lave-glace.","Le candidat’montre le bouchon.","Visibilité : En’hiver, utilisez un’liquide antigel. Sans’visibilité, vous’êtes’un’danger pour vous’et’les’autres."
"50","Road Safety","Quel’est’le principal’risque d’une absence de liquide lave-glace ?","Une mauvaise visibilité.","Sécurité Routière : Ces’questions’testent’votre capacité à évaluer les’risques’et’à adapter votre comportement."
"50","First Aid","Pourquoi pratiquer immédiatement’une RCR sur arrêt’cardiaque ?","Lésions’du cerveau surviennent’dès’les’premières’minutes.","Arrêt’Cardiaque : Chaque minute compte. Massez le thorax et’utilisez un’DAE si disponible."
"51","Technical (Interior)","Allumez les’feux de route et’montrez le voyant.","Le candidat’montre le voyant’(bleu).","Éclairage : Vérifiez régulièrement’la propreté et’le fonctionnement. Un’feu grillé = mauvaise perception’par les’autres."
"51","Road Safety","Quel’est’le risque de maintenir les’feux de route lors’d’un’croisement’?","Risque d’éblouissement’des’autres.","Visibilité : Ne pas’régler ses’feux éblouit’les’autres’usagers’et’peut’provoquer un’accident’frontal."
"51","First Aid","Quel’est’l’objectif du signal’SAIP ?","Avertir d’un’danger imminent.","Alerte : Le SAIP avertit’d’un’danger grave (sirène montante/descendante). Mettez-vous’à l’abri et’écoutez la radio."
"52","Technical (Exterior)","Vérifiez l’état, la propreté et’le fonctionnement’des’feux diurnes.","Vérification’des’feux propres, en’bon’état’et’fonctionnels.","Éclairage : Vérifiez régulièrement’la propreté et’le fonctionnement. Un’feu grillé = mauvaise perception’par les’autres."
"52","Road Safety","Quelle est’leur utilité ?","Rendre le véhicule plus’visible le jour.","Sécurité Routière : Ces’questions’testent’votre capacité à évaluer les’risques’et’à adapter votre comportement."
"52","First Aid","À quel’moment’mettre fin’à un’appel’avec’les’secours’?","Uniquement’sur invitation’du correspondant.","Urgences’: 15 (SAMU), 18 (Pompiers), 112 (Europe). Soyez précis’sur le lieu et’l’état’des’victimes."
"53","Technical (Interior)","Vérifiez la présence du constat’amiable.","Le candidat’montre le constat.","Entretien’technique : Savoir vérifier son’véhicule est’indispensable pour garantir sa sécurité et’celle des’autres."
"53","Road Safety","En’cas’d’accident, dans’quel’délai le transmettre à l’assureur ?","5 jours.","Sécurité Routière : Ces’questions’testent’votre capacité à évaluer les’risques’et’à adapter votre comportement."
"53","First Aid","Quel’est’le risque principal’d’un’arrêt’cardiaque sans’intervention’?","Mort’de la victime en’quelques’minutes.","Arrêt’Cardiaque : Chaque minute compte. Massez le thorax et’utilisez un’DAE si disponible."
"54","Technical (Exterior)","Vérifiez la présence du triangle de pré-signalisation.","Le candidat’montre le triangle.","Entretien’technique : Savoir vérifier son’véhicule est’indispensable pour garantir sa sécurité et’celle des’autres."
"54","Road Safety","Utilise-t-on’le triangle sur autoroute ?","Non.","Sécurité Routière : Ces’questions’testent’votre capacité à évaluer les’risques’et’à adapter votre comportement."
"54","First Aid","Quel’comportement’adopter en’présence d’une victime en’arrêt’cardiaque ?","Alerter, masser, défibriller.","Arrêt’Cardiaque : Chaque minute compte. Massez le thorax et’utilisez un’DAE si disponible."
"55","Technical (Interior)","De quelle couleur est’le voyant’de défaillance du freinage ?","Rouge.","Tableau de bord’: Rouge = Danger/Arrêt. Orange = Anomalie/Attention. Vert/Bleu = Fonctionnement."
"55","Road Safety","Quel’est’le risque de circuler avec’un’frein’de parking mal’desserré ?","Dégradation’du système de freinage.","Freinage : Un’frein’à main’mal’desserré fait’chauffer le système et’réduit’l’efficacité du freinage de secours."
"55","First Aid","Comment’arrêter une hémorragie ?","Appuyer fortement’sur l’endroit’qui saigne.","Hémorragie : Appuyez fort’sur la plaie avec’un’tissu propre. Le but’est’d’arrêter la fuite de sang."
"56","Technical (Exterior)","Montrez où s’effectue le changement’d’une ampoule à l’avant.","Le candidat’montre l’accès’ou le bloc’optique.","Éclairage : Vérifiez régulièrement’la propreté et’le fonctionnement. Un’feu grillé = mauvaise perception’par les’autres."
"56","Road Safety","Quelles’sont’les’conséquences’en’cas’de panne d’un’feu de croisement’?","Mauvaise visibilité et’risque d’être confondu avec’un’deux roues.","Sécurité Routière : Ces’questions’testent’votre capacité à évaluer les’risques’et’à adapter votre comportement."
"56","First Aid","Citez les’trois’manières’d’évaluer l’état’de conscience.","Questions’simples, secouer épaules, demander geste simple.","Inconscience : Si la victime respire, mettez-la en’PLS (Position’Latérale de Sécurité) pour libérer les’voies’respiratoires."
"57","Technical (Interior)","Si équipé, montrez la commande du limiteur de vitesse.","Le candidat’montre la commande.","Entretien’technique : Savoir vérifier son’véhicule est’indispensable pour garantir sa sécurité et’celle des’autres."
"57","Road Safety","Quelle est’l’utilité d’un’limiteur de vitesse ?","Ne pas’dépasser la vitesse programmée.","Sécurité Routière : Ces’questions’testent’votre capacité à évaluer les’risques’et’à adapter votre comportement."
"57","First Aid","Quels’sont’les’numéros’d’urgence à appeler ?","18, 15, 112.","Urgences’: 15 (SAMU), 18 (Pompiers), 112 (Europe). Soyez précis’sur le lieu et’l’état’des’victimes."
"58","Technical (Exterior)","Montrez où s’effectue le changement’d’une ampoule à l’arrière.","Le candidat’montre l’accès’ou le bloc’optique.","Éclairage : Vérifiez régulièrement’la propreté et’le fonctionnement. Un’feu grillé = mauvaise perception’par les’autres."
"58","Road Safety","Quelles’sont’les’conséquences’en’cas’de panne d’un’feu de position’arrière ?","Être mal’vu et’un’risque de collision.","Sécurité Routière : Ces’questions’testent’votre capacité à évaluer les’risques’et’à adapter votre comportement."
"58","First Aid","Comment’est’diffusée l’alerte émise par le SAIP ?","Sirènes, médias, application’SAIP.","Alerte : Le SAIP avertit’d’un’danger grave (sirène montante/descendante). Mettez-vous’à l’abri et’écoutez la radio."
"59","Technical (Interior)","Faites’fonctionner l’essuie-glace arrière du véhicule.","Le candidat’actionne la commande.","Essuie-glaces’: Remplacez-les’dès’qu’ils’laissent’des’traces. Le balayage doit’être silencieux et’efficace."
"59","Road Safety","Quelle commande actionner pour une bonne visibilité par temps’de pluie ?","Désembuage arrière (ou dégivrage).","Sécurité Routière : Ces’questions’testent’votre capacité à évaluer les’risques’et’à adapter votre comportement."
"59","First Aid","Comportements’avec’une victime inconsciente mais’qui respire ?","Placer en’PLS, alerter les’secours, surveiller respiration.","Inconscience : Si la victime respire, mettez-la en’PLS (Position’Latérale de Sécurité) pour libérer les’voies’respiratoires."
"60","Technical (Exterior)","Ouvrez et’refermez le coffre, puis’vérifiez sa bonne fermeture.","Le candidat’effectue la manœuvre.","Entretien’technique : Savoir vérifier son’véhicule est’indispensable pour garantir sa sécurité et’celle des’autres."
"60","Road Safety","Précautions’avec’un’poids’important’dans’le coffre ?","Augmenter pression’des’pneus’et’régler hauteur des’feux avants.","Chargement’: Augmentez la pression’des’pneus’et’réglez les’feux plus’bas’car l’arrière du véhicule s’affaisse."
"60","First Aid","Utilisation’d’un’DAE sur victime non’en’arrêt’cardiaque ?","Aucun’risque (ne se déclenche pas).","Arrêt’Cardiaque : Chaque minute compte. Massez le thorax et’utilisez un’DAE si disponible."
"61","Technical (Interior)","Indiquez où se situent’les’attaches’de type Isofix.","Le candidat’montre l’emplacement.","Isofix : Système de fixation’rigide pour sièges’auto, plus’sûr et’plus’simple que la ceinture de sécurité."
"61","Road Safety","Peut-on’fixer tous’les’sièges’enfant’sur Isofix ?","Non’(uniquement’ceux compatibles).","Enfants’: Jusqu’à 10 ans, l’installation’à l’arrière est’obligatoire (sauf exceptions). La sécurité enfant’bloque l’ouverture intérieure."
"61","First Aid","Comment’vérifier la respiration’d’une victime ?","Regarder si le ventre se soulève, sentir l’air.","Premiers’Secours’: Agir vite et’bien’peut’sauver une vie. Rappelez-vous’de l’acronyme P.A.S. (Protéger, Alerter, Secourir)."
"62","Technical (Exterior)","Ouvrez et’refermez le coffre, puis’vérifiez sa bonne fermeture.","Le candidat’effectue la manœuvre.","Entretien’technique : Savoir vérifier son’véhicule est’indispensable pour garantir sa sécurité et’celle des’autres."
"62","Road Safety","Risques’avec’des’objets’sur la plage arrière ?","Mauvaise visibilité et’risque de projection.","Objets’: Sur la plage arrière, ils’deviennent’des’projectiles’mortels’en’cas’de choc’ou de freinage d’urgence."
"62","First Aid","Qu’est-ce qu’une hémorragie ?","Perte de sang prolongée qui ne s’arrête pas.","Hémorragie : Appuyez fort’sur la plaie avec’un’tissu propre. Le but’est’d’arrêter la fuite de sang."
"63","Technical (Interior)","Montrez le voyant’de baisse de pression’d’un’pneumatique.","Le candidat’montre le voyant’(vaisseau ouvert’avec’exclamation).","Pneumatiques’: Vérifiez l’état’(flancs, hernies) et’l’usure (témoins). Sous-gonflage = éclatement’et’surconsommation."
"63","Road Safety","À quelle fréquence vérifier la pression’d’air des’pneus’?","Tous’les’mois.","Pneus’: À vérifier une fois’par mois’à froid. Un’pneu sous-gonflé chauffe et’peut’exploser."
"63","First Aid","Qu’est-ce qu’un’arrêt’cardiaque ?","Le cœur ne fonctionne plus.","Arrêt’Cardiaque : Chaque minute compte. Massez le thorax et’utilisez un’DAE si disponible."
"64","Technical (Exterior)","Procédez à l’ouverture du capot’puis’à sa fermeture.","Le candidat’effectue la manœuvre.","Entretien’technique : Savoir vérifier son’véhicule est’indispensable pour garantir sa sécurité et’celle des’autres."
"64","Road Safety","Quelle est’l’utilité du dispositif de sécurité du capot’?","Empêcher l’ouverture en’circulation’en’cas’de mauvais’verrouillage.","Sécurité Routière : Ces’questions’testent’votre capacité à évaluer les’risques’et’à adapter votre comportement."
"64","First Aid","Quels’sont’les’risques’pour une victime d’une hémorragie ?","Détresse circulatoire ou arrêt’cardiaque.","Hémorragie : Appuyez fort’sur la plaie avec’un’tissu propre. Le but’est’d’arrêter la fuite de sang."
"65","Technical (Interior)","Montrez la commande de réglage de hauteur des’feux.","Le candidat’montre la commande.","Éclairage : Vérifiez régulièrement’la propreté et’le fonctionnement. Un’feu grillé = mauvaise perception’par les’autres."
"65","Road Safety","Pourquoi doit-on’régler la hauteur des’feux ?","Pour ne pas’éblouir les’autres.","Visibilité : Ne pas’régler ses’feux éblouit’les’autres’usagers’et’peut’provoquer un’accident’frontal."
"65","First Aid","Comment’et’pourquoi protéger une zone de danger ?","Délimiter pour protéger et’éviter sur-accident.","PAS : Protéger est’la 1ère étape. Balisez la zone (gilet, triangle) pour éviter un’sur-accident."
"66","Technical (Exterior)","Montrez où se situent’les’gicleurs’de lave-glace avant.","Le candidat’montre l’emplacement.","Visibilité : En’hiver, utilisez un’liquide antigel. Sans’visibilité, vous’êtes’un’danger pour vous’et’les’autres."
"66","Road Safety","Conséquence d’un’lave-glace défaillant’?","Mauvaise visibilité.","Sécurité Routière : Ces’questions’testent’votre capacité à évaluer les’risques’et’à adapter votre comportement."
"66","First Aid","Qu’est-ce qu’un’DAE ?","Appareil’rétablissant’l’activité cardiaque.","Arrêt’Cardiaque : Chaque minute compte. Massez le thorax et’utilisez un’DAE si disponible."
"67","Technical (Interior)","Mettez le rétroviseur intérieur en’position’nuit.","Le candidat’effectue la manœuvre.","Rétroviseurs’: La position’nuit’évite l’éblouissement. Le réglage doit’être fait’avant’de prendre la route."
"67","Road Safety","Quel’est’l’intérêt’de la position’nuit’?","Ne pas’être ébloui.","Conduite de nuit’: L’éblouissement’fatigue les’yeux. Utilisez la position’nuit’du rétro et’baissez vos’feux si besoin."
"67","First Aid","Comment’est’composé le signal’SAIP ?","3 cycles’SNA et’signal’continu.","Alerte : Le SAIP avertit’d’un’danger grave (sirène montante/descendante). Mettez-vous’à l’abri et’écoutez la radio."
"68","Technical (Exterior)","Contrôlez l’état’du flanc’sur l’un’des’pneus.","Vérification’en’bon’état.","Pneumatiques’: Vérifiez l’état’(flancs, hernies) et’l’usure (témoins). Sous-gonflage = éclatement’et’surconsommation."
"68","Road Safety","Où trouver les’pressions’préconisées’?","Portière, trappe, notice.","Pneus’: À vérifier une fois’par mois’à froid. Un’pneu sous-gonflé chauffe et’peut’exploser."
"68","First Aid","Lieux de l’accident’sur autoroute ?","Numéro autoroute, sens, point’kilométrique.","Premiers’Secours’: Agir vite et’bien’peut’sauver une vie. Rappelez-vous’de l’acronyme P.A.S. (Protéger, Alerter, Secourir)."
"69","Technical (Interior)","Faites’fonctionner les’essuie-glaces’sur position’rapide.","Le candidat’effectue la manœuvre.","Essuie-glaces’: Remplacez-les’dès’qu’ils’laissent’des’traces. Le balayage doit’être silencieux et’efficace."
"69","Road Safety","Comment’détecter leur usure ?","Traces’sur le pare-brise.","Sécurité Routière : Ces’questions’testent’votre capacité à évaluer les’risques’et’à adapter votre comportement."
"69","First Aid","Vérifier la respiration’?","Soulevèrent’ventre/poitrine et’air à l’expiration.","Premiers’Secours’: Agir vite et’bien’peut’sauver une vie. Rappelez-vous’de l’acronyme P.A.S. (Protéger, Alerter, Secourir)."
"70","Technical (Exterior)","Montrez où s’effectue le contrôle du liquide de frein.","Le candidat’montre le bocal.","Freins’: Un’niveau bas’peut’indiquer une fuite ou une usure importante des’plaquettes. Danger de perte de freinage."
"70","Road Safety","Conséquence niveau insuffisant’liquide de frein’?","Perte efficacité freinage.","Freinage : Un’frein’à main’mal’desserré fait’chauffer le système et’réduit’l’efficacité du freinage de secours."
"70","First Aid","Équipement’de sécurité à porter avant’de quitter le véhicule ?","Gilet’de haute visibilité.","Premiers’Secours’: Agir vite et’bien’peut’sauver une vie. Rappelez-vous’de l’acronyme P.A.S. (Protéger, Alerter, Secourir)."
"71","Technical (Interior)","Vérifiez la présence du gilet’de haute visibilité.","Indiquer où il’se trouve.","Entretien’technique : Savoir vérifier son’véhicule est’indispensable pour garantir sa sécurité et’celle des’autres."
"71","Road Safety","Accessoire de sécurité obligatoire ?","Le triangle de pré-signalisation.","Sécurité Routière : Ces’questions’testent’votre capacité à évaluer les’risques’et’à adapter votre comportement."
"71","First Aid","Déplacement’de la victime ?","Dans’un’endroit’suffisamment’éloigné du danger.","Dégagement’: Uniquement’si danger réel, immédiat’et’non’contrôlable (incendie, explosion). Sinon, ne touchez pas’la victime."
"72","Technical (Exterior)","Montrez où s’effectue le remplissage du liquide de refroidissement.","Le candidat’montre le bocal.","Refroidissement’: Ne JAMAIS ouvrir le bouchon’moteur chaud’(risque de projections’brûlantes’sous’pression)."
"72","Road Safety","Danger si moteur chaud’?","Un’risque de brûlure.","Sécurité Routière : Ces’questions’testent’votre capacité à évaluer les’risques’et’à adapter votre comportement."
"72","First Aid","Comment’arrêter une hémorragie ?","Appuyer fortement’sur l’endroit’qui saigne.","Hémorragie : Appuyez fort’sur la plaie avec’un’tissu propre. Le but’est’d’arrêter la fuite de sang."
"73","Technical (Interior)","Actionnez le dégivrage de la lunette arrière.","Le candidat’actionne la commande.","Entretien’technique : Savoir vérifier son’véhicule est’indispensable pour garantir sa sécurité et’celle des’autres."
"73","Road Safety","Conséquence d’une panne de dégivrage ?","Insuffisance de visibilité vers’l’arrière.","Sécurité Routière : Ces’questions’testent’votre capacité à évaluer les’risques’et’à adapter votre comportement."
"73","First Aid","Placement’du triangle hors’autoroute ?","À 30 m’ou avant’un’virage.","Premiers’Secours’: Agir vite et’bien’peut’sauver une vie. Rappelez-vous’de l’acronyme P.A.S. (Protéger, Alerter, Secourir)."
"74","Technical (Exterior)","Contrôlez l’état, propreté et’fonctionnement’des’clignotants’côté trottoir.","Vérification’propre et’fonctionnel.","Communication’: Le clignotement’rapide indique une ampoule grillée sur le circuit."
"74","Road Safety","Signification’clignotement’plus’rapide ?","Non-fonctionnement’d’une ampoule.","Sécurité Routière : Ces’questions’testent’votre capacité à évaluer les’risques’et’à adapter votre comportement."
"74","First Aid","Dégagement’d’urgence d’une victime ?","Visible, facile à atteindre, rien’ne doit’gêner.","Dégagement’: Uniquement’si danger réel, immédiat’et’non’contrôlable (incendie, explosion). Sinon, ne touchez pas’la victime."
"75","Technical (Interior)","Montrez le voyant’de pression’insuffisante d’huile.","Le candidat’montre le voyant.","Niveau d’huile : Toujours’moteur froid’et’sur plat. Trop d’huile peut’casser le moteur, pas’assez provoque un’serrage."
"75","Road Safety","Conditions’contrôle niveau d’huile ?","Moteur froid’et’terrain’plat.","Sécurité Routière : Ces’questions’testent’votre capacité à évaluer les’risques’et’à adapter votre comportement."
"75","First Aid","Informations’à transmettre aux secours’?","Numéro téléphone, nature, localisation.","Urgences’: 15 (SAMU), 18 (Pompiers), 112 (Europe). Soyez précis’sur le lieu et’l’état’des’victimes."
"76","Technical (Exterior)","Contrôlez l’état, propreté et’fonctionnement’des’feux de détresse.","Vérification’propre et’fonctionnel.","Éclairage : Vérifiez régulièrement’la propreté et’le fonctionnement. Un’feu grillé = mauvaise perception’par les’autres."
"76","Road Safety","Dans’quels’cas’les’utiliser ?","Panne, accident, ralentissement.","Sécurité Routière : Ces’questions’testent’votre capacité à évaluer les’risques’et’à adapter votre comportement."
"76","First Aid","Position’Latérale de Sécurité (PLS) ?","Si inconsciente mais’respire.","Premiers’Secours’: Agir vite et’bien’peut’sauver une vie. Rappelez-vous’de l’acronyme P.A.S. (Protéger, Alerter, Secourir)."
"77","Technical (Interior)","Vérifiez la présence de l’éthylotest.","Le candidat’montre l’éthylotest.","Entretien’technique : Savoir vérifier son’véhicule est’indispensable pour garantir sa sécurité et’celle des’autres."
"77","Road Safety","Taux alcoolémie permis’probatoire ?","0,2 g/l.","Alcool’: En’permis’probatoire, c’est’0,2 g/L (zéro verre). L’alcool’rétrécit’le champ visuel’et’augmente le temps’de réaction."
"77","First Aid","Arrêt’cardiaque comportement’?","Alerter, masser, défibriller.","Arrêt’Cardiaque : Chaque minute compte. Massez le thorax et’utilisez un’DAE si disponible."
"78","Technical (Exterior)","Contrôlez l’état, propreté et’fonctionnement’des’feux de route.","Vérification’propre et’fonctionnel.","Éclairage : Vérifiez régulièrement’la propreté et’le fonctionnement. Un’feu grillé = mauvaise perception’par les’autres."
"78","Road Safety","Utilisation’de l’appel’lumineux ?","Avertir, danger, place avertisseur sonore.","Sécurité Routière : Ces’questions’testent’votre capacité à évaluer les’risques’et’à adapter votre comportement."
"78","First Aid","Équipement’porter avant’quitter véhicule ?","Gilet’de haute visibilité.","Premiers’Secours’: Agir vite et’bien’peut’sauver une vie. Rappelez-vous’de l’acronyme P.A.S. (Protéger, Alerter, Secourir)."
"79","Technical (Interior)","Positionnez la commande pour air vers’pare-brise.","Le candidat’actionne la commande.","Entretien’technique : Savoir vérifier son’véhicule est’indispensable pour garantir sa sécurité et’celle des’autres."
"79","Road Safety","Éléments’désembuage efficace ?","Ventilation, air chaud, climatisation.","Sécurité Routière : Ces’questions’testent’votre capacité à évaluer les’risques’et’à adapter votre comportement."
"79","First Aid","Objectif du signal’SAIP ?","Avertir d’un’danger imminent.","Alerte : Le SAIP avertit’d’un’danger grave (sirène montante/descendante). Mettez-vous’à l’abri et’écoutez la radio."
"80","Technical (Exterior)","Montrez où s’effectue le contrôle du niveau d’huile moteur.","Le candidat’montre la jauge.","Niveau d’huile : Toujours’moteur froid’et’sur plat. Trop d’huile peut’casser le moteur, pas’assez provoque un’serrage."
"80","Road Safety","Risque d’un’manque d’huile ?","Risque détérioration’ou casse moteur.","Sécurité Routière : Ces’questions’testent’votre capacité à évaluer les’risques’et’à adapter votre comportement."
"80","First Aid","Comment’est’diffusée l’alerte SAIP ?","Sirènes, médias, application’SAIP.","Alerte : Le SAIP avertit’d’un’danger grave (sirène montante/descendante). Mettez-vous’à l’abri et’écoutez la radio."
"91","Technical (Interior)","Montrez le voyant’de défaillance du freinage.","Le candidat’montre le voyant.","Tableau de bord’: Rouge = Danger/Arrêt. Orange = Anomalie/Attention. Vert/Bleu = Fonctionnement."
"91","Road Safety","Risque circuler frein’de parking mal’desserré ?","Dégradation’du système de freinage.","Freinage : Un’frein’à main’mal’desserré fait’chauffer le système et’réduit’l’efficacité du freinage de secours."
"91","First Aid","Placement’du triangle hors’autoroute ?","À 30 m’ou avant’un’virage.","Premiers’Secours’: Agir vite et’bien’peut’sauver une vie. Rappelez-vous’de l’acronyme P.A.S. (Protéger, Alerter, Secourir)."
"92","Technical (Exterior)","Contrôlez l’état, propreté et’fonctionnement’des’feux de croisement.","Vérification’propre et’fonctionnel.","Éclairage : Vérifiez régulièrement’la propreté et’le fonctionnement. Un’feu grillé = mauvaise perception’par les’autres."
"92","Road Safety","Conséquences’mauvais’réglage feux ?","Mauvaise vision’avant, éblouissement.","Visibilité : Ne pas’régler ses’feux éblouit’les’autres’usagers’et’peut’provoquer un’accident’frontal."
"92","First Aid","Déplacement’de la victime ?","Danger réel, immédiat, non’contrôlable.","Dégagement’: Uniquement’si danger réel, immédiat’et’non’contrôlable (incendie, explosion). Sinon, ne touchez pas’la victime."
"93","Technical (Interior)","Montrez le voyant’température trop élevée liquide refroidissement.","Le candidat’montre le voyant.","Tableau de bord’: Rouge = Danger/Arrêt. Orange = Anomalie/Attention. Vert/Bleu = Fonctionnement."
"93","Road Safety","Conséquence température trop élevée ?","Surchauffe ou casse moteur.","Sécurité Routière : Ces’questions’testent’votre capacité à évaluer les’risques’et’à adapter votre comportement."
"93","First Aid","Attendre autorisation’raccrocher secours’?","Pour guider dans’les’gestes.","Urgences’: 15 (SAMU), 18 (Pompiers), 112 (Europe). Soyez précis’sur le lieu et’l’état’des’victimes."
"94","Technical (Exterior)","Vérifiez l’état’et’propreté dispositifs’réfléchissants.","Vérification’propre et’en’bon’état.","Entretien’technique : Savoir vérifier son’véhicule est’indispensable pour garantir sa sécurité et’celle des’autres."
"94","Road Safety","Utilité dispositifs’réfléchissants’?","Rendre visible le véhicule la nuit.","Sécurité Routière : Ces’questions’testent’votre capacité à évaluer les’risques’et’à adapter votre comportement."
"94","First Aid","Mettre fin’à un’appel’de secours’?","Sur invitation’du correspondant.","Urgences’: 15 (SAMU), 18 (Pompiers), 112 (Europe). Soyez précis’sur le lieu et’l’état’des’victimes."
"95","Technical (Interior)","Montrez le voyant’de mauvaise fermeture d’une portière.","Le candidat’montre le voyant.","Tableau de bord’: Rouge = Danger/Arrêt. Orange = Anomalie/Attention. Vert/Bleu = Fonctionnement."
"95","Road Safety","Précaution’enfants’portières’arrière ?","Actionner la sécurité enfant.","Enfants’: Jusqu’à 10 ans, l’installation’à l’arrière est’obligatoire (sauf exceptions). La sécurité enfant’bloque l’ouverture intérieure."
"95","First Aid","Évaluer état’de conscience ?","Questions’simples, secouer épaules, geste simple.","Inconscience : Si la victime respire, mettez-la en’PLS (Position’Latérale de Sécurité) pour libérer les’voies’respiratoires."
"96","Technical (Exterior)","Contrôlez l’état, propreté et’fonctionnement’des’feux de position.","Vérification’propre et’fonctionnel.","Éclairage : Vérifiez régulièrement’la propreté et’le fonctionnement. Un’feu grillé = mauvaise perception’par les’autres."
"96","Road Safety","Distance visibilité ?","150 mètres.","Sécurité Routière : Ces’questions’testent’votre capacité à évaluer les’risques’et’à adapter votre comportement."
"96","First Aid","Risques’inconsciente sur le dos’?","Arrêt’respiratoire et’cardiaque.","Inconscience : Si la victime respire, mettez-la en’PLS (Position’Latérale de Sécurité) pour libérer les’voies’respiratoires."
"97","Technical (Interior)","Actionnez les’feux de détresse.","Le candidat’actionne la commande.","Éclairage : Vérifiez régulièrement’la propreté et’le fonctionnement. Un’feu grillé = mauvaise perception’par les’autres."
"97","Road Safety","Quand’les’utiliser ?","Panne, accident, ralentissement.","Sécurité Routière : Ces’questions’testent’votre capacité à évaluer les’risques’et’à adapter votre comportement."
"97","First Aid","Comportement’signal’SAIP ?","Se mettre en’sécurité, s’informer, respecter consignes.","Alerte : Le SAIP avertit’d’un’danger grave (sirène montante/descendante). Mettez-vous’à l’abri et’écoutez la radio."
"98","Technical (Exterior)","Désignez le repère du témoin’d’usure sur pneumatique.","Le candidat’montre le repère.","Pneumatiques’: Vérifiez l’état’(flancs, hernies) et’l’usure (témoins). Sous-gonflage = éclatement’et’surconsommation."
"98","Road Safety","Aquaplanage et’conséquence ?","Film’d’eau, perte de contrôle.","Aquaplanage : Perte d’adhérence sur une nappe d’eau. Gardez les’roues’droites’et’ne freinez pas’brusquement."
"98","First Aid","Dégagement’d’urgence victime ?","Éloigné du danger.","Dégagement’: Uniquement’si danger réel, immédiat’et’non’contrôlable (incendie, explosion). Sinon, ne touchez pas’la victime."
"99","Technical (Interior)","Montrez la commande du régulateur de vitesse.","Le candidat’montre la commande.","Entretien’technique : Savoir vérifier son’véhicule est’indispensable pour garantir sa sécurité et’celle des’autres."
"99","Road Safety","Le désactiver rapidement’?","Pédale de frein’ou embrayage.","Sécurité Routière : Ces’questions’testent’votre capacité à évaluer les’risques’et’à adapter votre comportement."
"99","First Aid","Lieux accident’sur autoroute ?","Numéro autoroute, sens, point’kilométrique.","Premiers’Secours’: Agir vite et’bien’peut’sauver une vie. Rappelez-vous’de l’acronyme P.A.S. (Protéger, Alerter, Secourir)."
"0","Technical (Exterior)","Montrez où se situent’les’gicleurs’de lave-glace avant.","Le candidat’montre l’emplacement.","Visibilité : En’hiver, utilisez un’liquide antigel. Sans’visibilité, vous’êtes’un’danger pour vous’et’les’autres."
"0","Road Safety","Conséquence lave-glace défaillant’?","Mauvaise visibilité.","Sécurité Routière : Ces’questions’testent’votre capacité à évaluer les’risques’et’à adapter votre comportement."
"0","First Aid","Qu’est-ce qu’un’DAE ?","Appareil’rétablissant’l’activité cardiaque.","Arrêt’Cardiaque : Chaque minute compte. Massez le thorax et’utilisez un’DAE si disponible."
"81","Technical (Interior)","Montrez le voyant’de défaillance du freinage.","Le candidat’montre le voyant.","Tableau de bord’: Rouge = Danger/Arrêt. Orange = Anomalie/Attention. Vert/Bleu = Fonctionnement."
"81","Road Safety","Risque circuler avec’frein’de parking mal’desserré ?","Dégradation’du système de freinage.","Freinage : Un’frein’à main’mal’desserré fait’chauffer le système et’réduit’l’efficacité du freinage de secours."
"81","First Aid","Placement’du triangle hors’autoroute ?","À environ’30 m’de la panne.","Premiers’Secours’: Agir vite et’bien’peut’sauver une vie. Rappelez-vous’de l’acronyme P.A.S. (Protéger, Alerter, Secourir)."
"82","Technical (Exterior)","Contrôlez l’état, propreté et’fonctionnement’des’feux de croisement.","Vérification’propre et’fonctionnel.","Éclairage : Vérifiez régulièrement’la propreté et’le fonctionnement. Un’feu grillé = mauvaise perception’par les’autres."
"82","Road Safety","Conséquences’mauvais’réglage feux ?","Mauvaise vision’avant, éblouissement.","Visibilité : Ne pas’régler ses’feux éblouit’les’autres’usagers’et’peut’provoquer un’accident’frontal."
"82","First Aid","Déplacement’de la victime ?","Danger réel, immédiat, non’contrôlable.","Dégagement’: Uniquement’si danger réel, immédiat’et’non’contrôlable (incendie, explosion). Sinon, ne touchez pas’la victime."
"83","Technical (Interior)","Montrez le voyant’température trop élevée liquide refroidissement.","Le candidat’montre le voyant.","Tableau de bord’: Rouge = Danger/Arrêt. Orange = Anomalie/Attention. Vert/Bleu = Fonctionnement."
"83","Road Safety","Conséquence température trop élevée ?","Surchauffe ou casse moteur.","Sécurité Routière : Ces’questions’testent’votre capacité à évaluer les’risques’et’à adapter votre comportement."
"83","First Aid","Attendre autorisation’raccrocher secours’?","Pour guider dans’les’gestes.","Urgences’: 15 (SAMU), 18 (Pompiers), 112 (Europe). Soyez précis’sur le lieu et’l’état’des’victimes."
"84","Technical (Exterior)","Désignez le repère du témoin’d’usure sur pneumatique.","Le candidat’montre le repère.","Pneumatiques’: Vérifiez l’état’(flancs, hernies) et’l’usure (témoins). Sous-gonflage = éclatement’et’surconsommation."
"84","Road Safety","Aquaplanage et’conséquence ?","Film’d’eau, perte de contrôle.","Aquaplanage : Perte d’adhérence sur une nappe d’eau. Gardez les’roues’droites’et’ne freinez pas’brusquement."
"84","First Aid","Dégagement’d’urgence victime ?","Éloigné du danger.","Dégagement’: Uniquement’si danger réel, immédiat’et’non’contrôlable (incendie, explosion). Sinon, ne touchez pas’la victime."
"85","Technical (Interior)","Actionnez les’feux de détresse.","Le candidat’actionne la commande.","Éclairage : Vérifiez régulièrement’la propreté et’le fonctionnement. Un’feu grillé = mauvaise perception’par les’autres."
"85","Road Safety","Quand’les’utiliser ?","Panne, accident, ralentissement.","Sécurité Routière : Ces’questions’testent’votre capacité à évaluer les’risques’et’à adapter votre comportement."
"85","First Aid","Comportement’signal’SAIP ?","Se mettre en’sécurité, s’informer, respecter consignes.","Alerte : Le SAIP avertit’d’un’danger grave (sirène montante/descendante). Mettez-vous’à l’abri et’écoutez la radio."
"86","Technical (Exterior)","Donnez la pression’préconisée pour les’pneus’arrières, véhicule chargé.","Le candidat’lit’la plaque indicative.","Pneumatiques’: Vérifiez l’état’(flancs, hernies) et’l’usure (témoins). Sous-gonflage = éclatement’et’surconsommation."
"86","Road Safety","Fréquence vérifier pression’pneus’?","Chaque mois’et’avant’chaque long trajet.","Pneus’: À vérifier une fois’par mois’à froid. Un’pneu sous-gonflé chauffe et’peut’exploser."
"86","First Aid","Comment’et’pourquoi protéger une zone de danger ?","Délimiter pour protéger et’éviter sur-accident.","PAS : Protéger est’la 1ère étape. Balisez la zone (gilet, triangle) pour éviter un’sur-accident."
"87","Technical (Interior)","Montrez la commande de désactivation’de l’airbag passager.","Le candidat’montre la commande.","Airbag : Toujours’désactiver l’airbag passager si vous’installez un’siège bébé DOS à la route à l’avant."
"87","Road Safety","Dans’quelle situation’le désactiver ?","Transport’d’un’enfant’à l’avant’dos’à la route.","Sécurité Routière : Ces’questions’testent’votre capacité à évaluer les’risques’et’à adapter votre comportement."
"87","First Aid","Dégagement’d’urgence d’une victime ?","Visible, facile à atteindre, rien’ne doit’gêner.","Dégagement’: Uniquement’si danger réel, immédiat’et’non’contrôlable (incendie, explosion). Sinon, ne touchez pas’la victime."
"88","Technical (Exterior)","Indiquez où se situe la sécurité enfant’portière arrière.","Le candidat’montre l’emplacement.","Entretien’technique : Savoir vérifier son’véhicule est’indispensable pour garantir sa sécurité et’celle des’autres."
"88","Road Safety","Possible d’ouvrir la portière depuis’l’extérieur ?","Oui.","Sécurité Routière : Ces’questions’testent’votre capacité à évaluer les’risques’et’à adapter votre comportement."
"88","First Aid","Risques’hémorragie ?","Détresse circulatoire ou arrêt’cardiaque.","Hémorragie : Appuyez fort’sur la plaie avec’un’tissu propre. Le but’est’d’arrêter la fuite de sang."
"89","Technical (Interior)","Montrez le voyant’de ceinture conducteur.","Le candidat’montre le voyant.","Sécurité passive : La ceinture doit’être plaquée et’non’vrillée. Elle évite l’éjection’en’cas’de choc."
"89","Road Safety","Âge enfant’à l’avant’?","10 ans.","Enfants’: Jusqu’à 10 ans, l’installation’à l’arrière est’obligatoire (sauf exceptions). La sécurité enfant’bloque l’ouverture intérieure."
"89","First Aid","Signal’SAIP composition’?","3 cycles’SNA et’signal’continu.","Alerte : Le SAIP avertit’d’un’danger grave (sirène montante/descendante). Mettez-vous’à l’abri et’écoutez la radio."
"90","Technical (Exterior)","Contrôlez état’et’fonctionnement’feux de stop.","Vérification’propre et’fonctionnel.","Éclairage : Vérifiez régulièrement’la propreté et’le fonctionnement. Un’feu grillé = mauvaise perception’par les’autres."
"90","Road Safety","Conséquence panne feux de stop ?","Manque info suivants, risque collision.","Visibilité : Ne pas’régler ses’feux éblouit’les’autres’usagers’et’peut’provoquer un’accident’frontal."
"90","First Aid","Autorisation’raccrocher secours’?","Pour guider dans’les’gestes.","Urgences’: 15 (SAMU), 18 (Pompiers), 112 (Europe). Soyez précis’sur le lieu et’l’état’des’victimes."
